{
  "product_name": "ComposeForDataLakes",
  "product_version": "6.3.0.287",
  "created_on": "11/28/2018 12:22:14",
  "objects": [
    {
      "id": 1,
      "path": "/",
      "name": "settings",
      "type": "ACProjectSettings",
      "creation_time": 0,
      "modification_time": 0,
      "inner_item": {
        "$type": "ACProjectSettings",
        "lowest_date": "1780-01-01",
        "highest_date": "9999-12-31",
        "unknown_date": "7777-07-07",
        "unknown_string": "Unknown",
        "map_name_prefix": "Map",
        "stop_after_staging": false,
        "use_datetime2": false,
        "unknown_guid": "00000000-0000-0000-0000-000000000000",
        "unknown_number": "0",
        "unknown_byte": "0",
        "dwh_key_name": "ID",
        "naming_conv": {
          "dwh_prefix": "",
          "hub_suffix": "",
          "sat_suffix": "",
          "lnk_suffix": "_L",
          "dma_prefix": "TDMA_",
          "dwh_view_prefix": "v_",
          "replicate_change_table_suffix": "__ct",
          "error_mart_suffix": "__ex",
          "dma_view_prefix": "VDMA_",
          "ct_archive_suffix": "__ar",
          "current_view_name_suffix": "_current",
          "column_prefix": "header__",
          "from_date_suffix": "from_date",
          "to_date_suffix": "to_date",
          "soft_delete_suffix": "deleted",
          "created_batch_suffix": "created_batch",
          "modified_batch_suffix": "modified_batch",
          "dropped_column_suffix": "__dropped"
        },
        "create_ddl_scripts_only": false,
        "ignore_data_type_check": false,
        "write_tdwm_to_db": false,
        "hide_default_workflows": false,
        "exclude_to_date": true,
        "acid_transactions": false,
        "big_data_project_type": "HISTORICAL_DATASTORE_WITHOUT_ACID",
        "dwh_type": "HADOOPSPARK",
        "rno_ins": "RUNNO_INSERT",
        "rno_upd": "RUNNO_UPDATE",
        "soft_delete": true,
        "hard_delete": false,
        "user_var_list": {
          "usrvarlst": []
        },
        "uuid": "6865bd7b-21d2-400e-af33-9a9bb11f0290",
        "get_md_via_select_query": false,
        "defaults_base_location": {},
        "name": "settings",
        "version": 636790043584090000,
        "metadata": {
          "creation_time": 636790043583760000,
          "modification_time": 636790043584090000,
          "tags": [],
          "caller_role": "NONE"
        }
      },
      "tags": [],
      "software_version": 3
    },
    {
      "id": 4,
      "path": "/",
      "name": "dwh",
      "type": "Database",
      "creation_time": 0,
      "modification_time": 0,
      "inner_item": {
        "$type": "DatabaseDto",
        "usage": "DATA_WAREHOUSE",
        "dbms": "Apache Spark",
        "server_name": "ec2-34-243-7-125.eu-west-1.compute.amazonaws.com",
        "database_name": "",
        "user_name": "hive",
        "included_schemas": "omri_storage",
        "templateDatabaseType": "HADOOPSPARK",
        "original_sourcedb_id": 0,
        "has_source_definition": false,
        "landing_zone": {
          "landing_type": "DATABASE",
          "replicate_task_type": "FULL_LOAD_AND_CDC",
          "associate_with_replicate_task": false,
          "archive_settings": {
            "$type": "SparkArchiveSettings",
            "archive_format": "ORC",
            "ct_post_processing": "DO_NOTHING"
          }
        },
        "port": 10000,
        "db_settings": {
          "$type": "SparkDbSettings",
          "data_store": {
            "$type": "DataStoreHdfs",
            "root_location_path": "/tmp/omri",
            "hive_external_table": false
          },
          "data_store_type": "HDFS",
          "use_buckets": false,
          "number_of_buckets": 0,
          "format": "PARQUET",
          "authentication_type": "USERNAME",
          "authentication_settings": {
            "$type": "HadoopKerberosConfiguration",
            "service_name": "hive",
            "kdc_server_type": "MIT"
          },
          "ssl_configuration": {
            "use_ssl": false,
            "allow_self_signed_certs": false
          }
        },
        "multibyte_character_multiplier": 1,
        "apply_ddl_changes": false,
        "max_table_cols_single_read": 100,
        "uuid": "71ce9031-8d89-4a51-9a67-fee60e54238b",
        "use_long_object_names": false,
        "use_zoo_keeper": false,
        "zoo_keeper_namespace": "hiveserver2",
        "id": 4,
        "name": "dwh",
        "version": 636790043898110000,
        "metadata": {
          "creation_time": 636790043898110000,
          "modification_time": 636790043898110000,
          "tags": [],
          "caller_role": "NONE"
        }
      },
      "tags": [],
      "software_version": 5
    },
    {
      "id": 5,
      "path": "/",
      "name": "land",
      "type": "Database",
      "creation_time": 0,
      "modification_time": 0,
      "inner_item": {
        "$type": "DatabaseDto",
        "usage": "SOURCE",
        "server_name": "",
        "database_name": "",
        "included_schemas": "*",
        "templateDatabaseType": "SQLSERVER",
        "original_sourcedb_id": 0,
        "has_source_definition": false,
        "landing_zone": {
          "landing_type": "DATABASE",
          "schema_name": "landing",
          "replicate_task_type": "FULL_LOAD_AND_CDC",
          "associate_with_replicate_task": false,
          "archive_settings": {
            "$type": "SparkArchiveSettings",
            "archive_format": "ORC",
            "ct_post_processing": "DO_NOTHING"
          }
        },
        "port": 10000,
        "db_settings": {
          "$type": "SqlServerDbSettings",
          "windows_authentication": false
        },
        "multibyte_character_multiplier": 1,
        "apply_ddl_changes": false,
        "max_table_cols_single_read": 100,
        "uuid": "bf108723-9771-4bf7-925d-1c0412aa2ff0",
        "use_long_object_names": false,
        "use_zoo_keeper": false,
        "zoo_keeper_namespace": "hiveserver2",
        "id": 5,
        "name": "land",
        "version": 636790044023490000,
        "metadata": {
          "creation_time": 636790044023490000,
          "modification_time": 636790044023490000,
          "tags": [],
          "caller_role": "NONE"
        }
      },
      "tags": [],
      "software_version": 5
    },
    {
      "id": 6,
      "path": "/",
      "name": "land_Landing",
      "type": "Database",
      "creation_time": 0,
      "modification_time": 0,
      "inner_item": {
        "$type": "DatabaseDto",
        "usage": "SOURCE",
        "dbms": "Apache Spark",
        "server_name": "ec2-34-243-7-125.eu-west-1.compute.amazonaws.com",
        "user_name": "hive",
        "included_schemas": "landing",
        "templateDatabaseType": "SQLSERVER",
        "original_sourcedb_id": 5,
        "has_source_definition": true,
        "port": 10000,
        "db_settings": {
          "$type": "SparkDbSettings",
          "data_store": {
            "$type": "DataStoreHdfs",
            "root_location_path": "/tmp/omri",
            "hive_external_table": false
          },
          "data_store_type": "HDFS",
          "use_buckets": false,
          "number_of_buckets": 0,
          "format": "PARQUET",
          "authentication_type": "USERNAME",
          "authentication_settings": {
            "$type": "HadoopKerberosConfiguration",
            "service_name": "hive",
            "kdc_server_type": "MIT"
          },
          "ssl_configuration": {
            "use_ssl": false,
            "allow_self_signed_certs": false
          }
        },
        "multibyte_character_multiplier": 1,
        "apply_ddl_changes": false,
        "max_table_cols_single_read": 100,
        "original_sourcedb_name": "land",
        "uuid": "bf108723-9771-4bf7-925d-1c0412aa2ff0",
        "use_long_object_names": false,
        "use_zoo_keeper": false,
        "zoo_keeper_namespace": "hiveserver2",
        "id": 6,
        "name": "land_Landing",
        "version": 636790044023540000,
        "metadata": {
          "creation_time": 636790044023540000,
          "modification_time": 636790044023540000,
          "tags": [],
          "caller_role": "NONE"
        }
      },
      "tags": [],
      "software_version": 5
    },
    {
      "id": 78,
      "path": "/",
      "name": "VersionControl",
      "type": "VersionControl",
      "creation_time": 0,
      "modification_time": 0,
      "inner_item": {
        "$type": "VersionControlDto",
        "type": "Git",
        "use_remote_server": true,
        "remote_url": "https://github.com/omri07/testCompose.git",
        "user_name": "omri07",
        "password": "",
        "name": "VersionControl",
        "version": 636790045177660000,
        "metadata": {
          "creation_time": 636790045177660000,
          "modification_time": 636790045177660000,
          "tags": [],
          "caller_role": "NONE"
        }
      },
      "tags": [],
      "software_version": 1
    },
    {
      "id": 8,
      "path": "/",
      "name": "categoryid",
      "type": "DomainAttribute",
      "creation_time": 0,
      "modification_time": 0,
      "inner_item": {
        "$type": "DomainAttributeDto",
        "type": "Integer",
        "length": 0,
        "scale": 0,
        "time_model_entity_id": 0,
        "is_reference_entity": false,
        "save_history": false,
        "id": 8,
        "name": "categoryid",
        "version": 636790044164060000,
        "metadata": {
          "creation_time": 636790044164060000,
          "modification_time": 636790044164060000,
          "tags": [],
          "caller_role": "NONE"
        }
      },
      "tags": [],
      "software_version": 2
    },
    {
      "id": 9,
      "path": "/",
      "name": "categoryname",
      "type": "DomainAttribute",
      "creation_time": 0,
      "modification_time": 0,
      "inner_item": {
        "$type": "DomainAttributeDto",
        "type": "Varchar",
        "length": 15,
        "scale": 0,
        "time_model_entity_id": 0,
        "is_reference_entity": false,
        "save_history": false,
        "id": 9,
        "name": "categoryname",
        "version": 636790044164110000,
        "metadata": {
          "creation_time": 636790044164110000,
          "modification_time": 636790044164110000,
          "tags": [],
          "caller_role": "NONE"
        }
      },
      "tags": [],
      "software_version": 2
    },
    {
      "id": 10,
      "path": "/",
      "name": "mycat",
      "type": "DomainAttribute",
      "creation_time": 0,
      "modification_time": 0,
      "inner_item": {
        "$type": "DomainAttributeDto",
        "type": "Varchar",
        "length": 50,
        "scale": 0,
        "time_model_entity_id": 0,
        "is_reference_entity": false,
        "save_history": false,
        "id": 10,
        "name": "mycat",
        "version": 636790044164120000,
        "metadata": {
          "creation_time": 636790044164120000,
          "modification_time": 636790044164120000,
          "tags": [],
          "caller_role": "NONE"
        }
      },
      "tags": [],
      "software_version": 2
    },
    {
      "id": 11,
      "path": "/",
      "name": "new_col_1",
      "type": "DomainAttribute",
      "creation_time": 0,
      "modification_time": 0,
      "inner_item": {
        "$type": "DomainAttributeDto",
        "type": "Integer",
        "length": 0,
        "scale": 0,
        "time_model_entity_id": 0,
        "is_reference_entity": false,
        "save_history": false,
        "id": 11,
        "name": "new_col_1",
        "version": 636790044164120000,
        "metadata": {
          "creation_time": 636790044164120000,
          "modification_time": 636790044164120000,
          "tags": [],
          "caller_role": "NONE"
        }
      },
      "tags": [],
      "software_version": 2
    },
    {
      "id": 12,
      "path": "/",
      "name": "new_date",
      "type": "DomainAttribute",
      "creation_time": 0,
      "modification_time": 0,
      "inner_item": {
        "$type": "DomainAttributeDto",
        "type": "DateTime",
        "length": 29,
        "scale": 9,
        "time_model_entity_id": 0,
        "is_reference_entity": false,
        "save_history": false,
        "id": 12,
        "name": "new_date",
        "version": 636790044164130000,
        "metadata": {
          "creation_time": 636790044164130000,
          "modification_time": 636790044164130000,
          "tags": [],
          "caller_role": "NONE"
        }
      },
      "tags": [],
      "software_version": 2
    },
    {
      "id": 14,
      "path": "/",
      "name": "customerid",
      "type": "DomainAttribute",
      "creation_time": 0,
      "modification_time": 0,
      "inner_item": {
        "$type": "DomainAttributeDto",
        "type": "Varchar",
        "length": 5,
        "scale": 0,
        "time_model_entity_id": 0,
        "is_reference_entity": false,
        "save_history": false,
        "id": 14,
        "name": "customerid",
        "version": 636790044164130000,
        "metadata": {
          "creation_time": 636790044164130000,
          "modification_time": 636790044164130000,
          "tags": [],
          "caller_role": "NONE"
        }
      },
      "tags": [],
      "software_version": 2
    },
    {
      "id": 15,
      "path": "/",
      "name": "companyname",
      "type": "DomainAttribute",
      "creation_time": 0,
      "modification_time": 0,
      "inner_item": {
        "$type": "DomainAttributeDto",
        "type": "Varchar",
        "length": 40,
        "scale": 0,
        "time_model_entity_id": 0,
        "is_reference_entity": false,
        "save_history": false,
        "id": 15,
        "name": "companyname",
        "version": 636790044164130000,
        "metadata": {
          "creation_time": 636790044164130000,
          "modification_time": 636790044164130000,
          "tags": [],
          "caller_role": "NONE"
        }
      },
      "tags": [],
      "software_version": 2
    },
    {
      "id": 16,
      "path": "/",
      "name": "contactname",
      "type": "DomainAttribute",
      "creation_time": 0,
      "modification_time": 0,
      "inner_item": {
        "$type": "DomainAttributeDto",
        "type": "Varchar",
        "length": 30,
        "scale": 0,
        "time_model_entity_id": 0,
        "is_reference_entity": false,
        "save_history": false,
        "id": 16,
        "name": "contactname",
        "version": 636790044164140000,
        "metadata": {
          "creation_time": 636790044164140000,
          "modification_time": 636790044164140000,
          "tags": [],
          "caller_role": "NONE"
        }
      },
      "tags": [],
      "software_version": 2
    },
    {
      "id": 17,
      "path": "/",
      "name": "contacttitle",
      "type": "DomainAttribute",
      "creation_time": 0,
      "modification_time": 0,
      "inner_item": {
        "$type": "DomainAttributeDto",
        "type": "Varchar",
        "length": 30,
        "scale": 0,
        "time_model_entity_id": 0,
        "is_reference_entity": false,
        "save_history": false,
        "id": 17,
        "name": "contacttitle",
        "version": 636790044164140000,
        "metadata": {
          "creation_time": 636790044164140000,
          "modification_time": 636790044164140000,
          "tags": [],
          "caller_role": "NONE"
        }
      },
      "tags": [],
      "software_version": 2
    },
    {
      "id": 18,
      "path": "/",
      "name": "address",
      "type": "DomainAttribute",
      "creation_time": 0,
      "modification_time": 0,
      "inner_item": {
        "$type": "DomainAttributeDto",
        "type": "Varchar",
        "length": 60,
        "scale": 0,
        "time_model_entity_id": 0,
        "is_reference_entity": false,
        "save_history": false,
        "id": 18,
        "name": "address",
        "version": 636790044164140000,
        "metadata": {
          "creation_time": 636790044164140000,
          "modification_time": 636790044164140000,
          "tags": [],
          "caller_role": "NONE"
        }
      },
      "tags": [],
      "software_version": 2
    },
    {
      "id": 19,
      "path": "/",
      "name": "city",
      "type": "DomainAttribute",
      "creation_time": 0,
      "modification_time": 0,
      "inner_item": {
        "$type": "DomainAttributeDto",
        "type": "Varchar",
        "length": 15,
        "scale": 0,
        "time_model_entity_id": 0,
        "is_reference_entity": false,
        "save_history": false,
        "id": 19,
        "name": "city",
        "version": 636790044164150000,
        "metadata": {
          "creation_time": 636790044164150000,
          "modification_time": 636790044164150000,
          "tags": [],
          "caller_role": "NONE"
        }
      },
      "tags": [],
      "software_version": 2
    },
    {
      "id": 20,
      "path": "/",
      "name": "region",
      "type": "DomainAttribute",
      "creation_time": 0,
      "modification_time": 0,
      "inner_item": {
        "$type": "DomainAttributeDto",
        "type": "Varchar",
        "length": 15,
        "scale": 0,
        "time_model_entity_id": 0,
        "is_reference_entity": false,
        "save_history": false,
        "id": 20,
        "name": "region",
        "version": 636790044164150000,
        "metadata": {
          "creation_time": 636790044164150000,
          "modification_time": 636790044164150000,
          "tags": [],
          "caller_role": "NONE"
        }
      },
      "tags": [],
      "software_version": 2
    },
    {
      "id": 21,
      "path": "/",
      "name": "postalcode",
      "type": "DomainAttribute",
      "creation_time": 0,
      "modification_time": 0,
      "inner_item": {
        "$type": "DomainAttributeDto",
        "type": "Varchar",
        "length": 10,
        "scale": 0,
        "time_model_entity_id": 0,
        "is_reference_entity": false,
        "save_history": false,
        "id": 21,
        "name": "postalcode",
        "version": 636790044164150000,
        "metadata": {
          "creation_time": 636790044164150000,
          "modification_time": 636790044164150000,
          "tags": [],
          "caller_role": "NONE"
        }
      },
      "tags": [],
      "software_version": 2
    },
    {
      "id": 22,
      "path": "/",
      "name": "country",
      "type": "DomainAttribute",
      "creation_time": 0,
      "modification_time": 0,
      "inner_item": {
        "$type": "DomainAttributeDto",
        "type": "Varchar",
        "length": 15,
        "scale": 0,
        "time_model_entity_id": 0,
        "is_reference_entity": false,
        "save_history": false,
        "id": 22,
        "name": "country",
        "version": 636790044164160000,
        "metadata": {
          "creation_time": 636790044164160000,
          "modification_time": 636790044164160000,
          "tags": [],
          "caller_role": "NONE"
        }
      },
      "tags": [],
      "software_version": 2
    },
    {
      "id": 23,
      "path": "/",
      "name": "phone",
      "type": "DomainAttribute",
      "creation_time": 0,
      "modification_time": 0,
      "inner_item": {
        "$type": "DomainAttributeDto",
        "type": "Varchar",
        "length": 24,
        "scale": 0,
        "time_model_entity_id": 0,
        "is_reference_entity": false,
        "save_history": false,
        "id": 23,
        "name": "phone",
        "version": 636790044164160000,
        "metadata": {
          "creation_time": 636790044164160000,
          "modification_time": 636790044164160000,
          "tags": [],
          "caller_role": "NONE"
        }
      },
      "tags": [],
      "software_version": 2
    },
    {
      "id": 24,
      "path": "/",
      "name": "fax",
      "type": "DomainAttribute",
      "creation_time": 0,
      "modification_time": 0,
      "inner_item": {
        "$type": "DomainAttributeDto",
        "type": "Varchar",
        "length": 24,
        "scale": 0,
        "time_model_entity_id": 0,
        "is_reference_entity": false,
        "save_history": false,
        "id": 24,
        "name": "fax",
        "version": 636790044164160000,
        "metadata": {
          "creation_time": 636790044164160000,
          "modification_time": 636790044164160000,
          "tags": [],
          "caller_role": "NONE"
        }
      },
      "tags": [],
      "software_version": 2
    },
    {
      "id": 26,
      "path": "/",
      "name": "employeeid",
      "type": "DomainAttribute",
      "creation_time": 0,
      "modification_time": 0,
      "inner_item": {
        "$type": "DomainAttributeDto",
        "type": "Integer",
        "length": 0,
        "scale": 0,
        "time_model_entity_id": 0,
        "is_reference_entity": false,
        "save_history": false,
        "id": 26,
        "name": "employeeid",
        "version": 636790044164170000,
        "metadata": {
          "creation_time": 636790044164170000,
          "modification_time": 636790044164170000,
          "tags": [],
          "caller_role": "NONE"
        }
      },
      "tags": [],
      "software_version": 2
    },
    {
      "id": 27,
      "path": "/",
      "name": "lastname",
      "type": "DomainAttribute",
      "creation_time": 0,
      "modification_time": 0,
      "inner_item": {
        "$type": "DomainAttributeDto",
        "type": "Varchar",
        "length": 20,
        "scale": 0,
        "time_model_entity_id": 0,
        "is_reference_entity": false,
        "save_history": false,
        "id": 27,
        "name": "lastname",
        "version": 636790044164170000,
        "metadata": {
          "creation_time": 636790044164170000,
          "modification_time": 636790044164170000,
          "tags": [],
          "caller_role": "NONE"
        }
      },
      "tags": [],
      "software_version": 2
    },
    {
      "id": 28,
      "path": "/",
      "name": "firstname",
      "type": "DomainAttribute",
      "creation_time": 0,
      "modification_time": 0,
      "inner_item": {
        "$type": "DomainAttributeDto",
        "type": "Varchar",
        "length": 10,
        "scale": 0,
        "time_model_entity_id": 0,
        "is_reference_entity": false,
        "save_history": false,
        "id": 28,
        "name": "firstname",
        "version": 636790044164170000,
        "metadata": {
          "creation_time": 636790044164170000,
          "modification_time": 636790044164170000,
          "tags": [],
          "caller_role": "NONE"
        }
      },
      "tags": [],
      "software_version": 2
    },
    {
      "id": 29,
      "path": "/",
      "name": "title",
      "type": "DomainAttribute",
      "creation_time": 0,
      "modification_time": 0,
      "inner_item": {
        "$type": "DomainAttributeDto",
        "type": "Varchar",
        "length": 30,
        "scale": 0,
        "time_model_entity_id": 0,
        "is_reference_entity": false,
        "save_history": false,
        "id": 29,
        "name": "title",
        "version": 636790044164170000,
        "metadata": {
          "creation_time": 636790044164170000,
          "modification_time": 636790044164170000,
          "tags": [],
          "caller_role": "NONE"
        }
      },
      "tags": [],
      "software_version": 2
    },
    {
      "id": 30,
      "path": "/",
      "name": "titleofcourtesy",
      "type": "DomainAttribute",
      "creation_time": 0,
      "modification_time": 0,
      "inner_item": {
        "$type": "DomainAttributeDto",
        "type": "Varchar",
        "length": 25,
        "scale": 0,
        "time_model_entity_id": 0,
        "is_reference_entity": false,
        "save_history": false,
        "id": 30,
        "name": "titleofcourtesy",
        "version": 636790044164180000,
        "metadata": {
          "creation_time": 636790044164180000,
          "modification_time": 636790044164180000,
          "tags": [],
          "caller_role": "NONE"
        }
      },
      "tags": [],
      "software_version": 2
    },
    {
      "id": 31,
      "path": "/",
      "name": "birthdate",
      "type": "DomainAttribute",
      "creation_time": 0,
      "modification_time": 0,
      "inner_item": {
        "$type": "DomainAttributeDto",
        "type": "DateTime",
        "length": 29,
        "scale": 9,
        "time_model_entity_id": 0,
        "is_reference_entity": false,
        "save_history": false,
        "id": 31,
        "name": "birthdate",
        "version": 636790044164180000,
        "metadata": {
          "creation_time": 636790044164180000,
          "modification_time": 636790044164180000,
          "tags": [],
          "caller_role": "NONE"
        }
      },
      "tags": [],
      "software_version": 2
    },
    {
      "id": 32,
      "path": "/",
      "name": "hiredate",
      "type": "DomainAttribute",
      "creation_time": 0,
      "modification_time": 0,
      "inner_item": {
        "$type": "DomainAttributeDto",
        "type": "DateTime",
        "length": 29,
        "scale": 9,
        "time_model_entity_id": 0,
        "is_reference_entity": false,
        "save_history": false,
        "id": 32,
        "name": "hiredate",
        "version": 636790044164180000,
        "metadata": {
          "creation_time": 636790044164180000,
          "modification_time": 636790044164180000,
          "tags": [],
          "caller_role": "NONE"
        }
      },
      "tags": [],
      "software_version": 2
    },
    {
      "id": 33,
      "path": "/",
      "name": "homephone",
      "type": "DomainAttribute",
      "creation_time": 0,
      "modification_time": 0,
      "inner_item": {
        "$type": "DomainAttributeDto",
        "type": "Varchar",
        "length": 24,
        "scale": 0,
        "time_model_entity_id": 0,
        "is_reference_entity": false,
        "save_history": false,
        "id": 33,
        "name": "homephone",
        "version": 636790044164300000,
        "metadata": {
          "creation_time": 636790044164300000,
          "modification_time": 636790044164300000,
          "tags": [],
          "caller_role": "NONE"
        }
      },
      "tags": [],
      "software_version": 2
    },
    {
      "id": 34,
      "path": "/",
      "name": "extension",
      "type": "DomainAttribute",
      "creation_time": 0,
      "modification_time": 0,
      "inner_item": {
        "$type": "DomainAttributeDto",
        "type": "Varchar",
        "length": 4,
        "scale": 0,
        "time_model_entity_id": 0,
        "is_reference_entity": false,
        "save_history": false,
        "id": 34,
        "name": "extension",
        "version": 636790044164300000,
        "metadata": {
          "creation_time": 636790044164300000,
          "modification_time": 636790044164300000,
          "tags": [],
          "caller_role": "NONE"
        }
      },
      "tags": [],
      "software_version": 2
    },
    {
      "id": 35,
      "path": "/",
      "name": "reportsto",
      "type": "DomainAttribute",
      "creation_time": 0,
      "modification_time": 0,
      "inner_item": {
        "$type": "DomainAttributeDto",
        "type": "Integer",
        "length": 0,
        "scale": 0,
        "time_model_entity_id": 0,
        "is_reference_entity": false,
        "save_history": false,
        "id": 35,
        "name": "reportsto",
        "version": 636790044164310000,
        "metadata": {
          "creation_time": 636790044164310000,
          "modification_time": 636790044164310000,
          "tags": [],
          "caller_role": "NONE"
        }
      },
      "tags": [],
      "software_version": 2
    },
    {
      "id": 36,
      "path": "/",
      "name": "photopath",
      "type": "DomainAttribute",
      "creation_time": 0,
      "modification_time": 0,
      "inner_item": {
        "$type": "DomainAttributeDto",
        "type": "Varchar",
        "length": 255,
        "scale": 0,
        "time_model_entity_id": 0,
        "is_reference_entity": false,
        "save_history": false,
        "id": 36,
        "name": "photopath",
        "version": 636790044164310000,
        "metadata": {
          "creation_time": 636790044164310000,
          "modification_time": 636790044164310000,
          "tags": [],
          "caller_role": "NONE"
        }
      },
      "tags": [],
      "software_version": 2
    },
    {
      "id": 38,
      "path": "/",
      "name": "territoryid",
      "type": "DomainAttribute",
      "creation_time": 0,
      "modification_time": 0,
      "inner_item": {
        "$type": "DomainAttributeDto",
        "type": "Varchar",
        "length": 20,
        "scale": 0,
        "time_model_entity_id": 0,
        "is_reference_entity": false,
        "save_history": false,
        "id": 38,
        "name": "territoryid",
        "version": 636790044164320000,
        "metadata": {
          "creation_time": 636790044164320000,
          "modification_time": 636790044164320000,
          "tags": [],
          "caller_role": "NONE"
        }
      },
      "tags": [],
      "software_version": 2
    },
    {
      "id": 7,
      "path": "/",
      "name": "categories",
      "type": "Entity",
      "creation_time": 0,
      "modification_time": 0,
      "inner_item": {
        "$type": "EntityDto",
        "time_model_entity_id": 0,
        "is_reference_entity": false,
        "save_history": true,
        "uuid": "76761929-a909-42e6-9d04-8261bf5f8a59",
        "id": 7,
        "name": "categories",
        "version": 636790044163980000,
        "metadata": {
          "creation_time": 636790044163980000,
          "modification_time": 636790044163980000,
          "tags": [],
          "caller_role": "NONE"
        }
      },
      "tags": [],
      "software_version": 2
    },
    {
      "id": 13,
      "path": "/",
      "name": "customers",
      "type": "Entity",
      "creation_time": 0,
      "modification_time": 0,
      "inner_item": {
        "$type": "EntityDto",
        "time_model_entity_id": 0,
        "is_reference_entity": false,
        "save_history": true,
        "uuid": "b8f590c1-2359-48bf-b16d-054002349778",
        "id": 13,
        "name": "customers",
        "version": 636790044164130000,
        "metadata": {
          "creation_time": 636790044164130000,
          "modification_time": 636790044164130000,
          "tags": [],
          "caller_role": "NONE"
        }
      },
      "tags": [],
      "software_version": 2
    },
    {
      "id": 25,
      "path": "/",
      "name": "employees",
      "type": "Entity",
      "creation_time": 0,
      "modification_time": 0,
      "inner_item": {
        "$type": "EntityDto",
        "time_model_entity_id": 0,
        "is_reference_entity": false,
        "save_history": true,
        "uuid": "bc1833ba-9733-48b0-9e0c-2e5945c4a796",
        "id": 25,
        "name": "employees",
        "version": 636790044164160000,
        "metadata": {
          "creation_time": 636790044164160000,
          "modification_time": 636790044164160000,
          "tags": [],
          "caller_role": "NONE"
        }
      },
      "tags": [],
      "software_version": 2
    },
    {
      "id": 37,
      "path": "/",
      "name": "employeeterritories",
      "type": "Entity",
      "creation_time": 0,
      "modification_time": 0,
      "inner_item": {
        "$type": "EntityDto",
        "time_model_entity_id": 0,
        "is_reference_entity": false,
        "save_history": true,
        "uuid": "5d22d67e-05b7-4ba6-909d-f5e62089433b",
        "id": 37,
        "name": "employeeterritories",
        "version": 636790044164310000,
        "metadata": {
          "creation_time": 636790044164310000,
          "modification_time": 636790044164310000,
          "tags": [],
          "caller_role": "NONE"
        }
      },
      "tags": [],
      "software_version": 2
    },
    {
      "id": 2,
      "path": "/",
      "name": "spark",
      "type": "ExecutionServiceDto",
      "creation_time": 0,
      "modification_time": 0,
      "inner_item": {
        "$type": "ExecutionServiceDto",
        "max_runtime_instances_to_keep": 1000,
        "name": "spark",
        "version": 636790043583970000,
        "metadata": {
          "creation_time": 636790043583970000,
          "modification_time": 636790043583970000,
          "tags": [],
          "caller_role": "NONE"
        }
      },
      "tags": [],
      "software_version": 1
    },
    {
      "id": 39,
      "path": "/",
      "name": "a5851485-392a-44f0-9e47-f00f0818660e",
      "type": "TableColumn",
      "creation_time": 0,
      "modification_time": 0,
      "inner_item": {
        "$type": "TableColumnDto",
        "poe": 7,
        "pbe": 8,
        "is_primary": true,
        "history_type": "N",
        "block": 0,
        "ordinal": 100,
        "time_model_role_id": 0,
        "expression": {
          "alias": []
        },
        "id": 39,
        "name": "a5851485-392a-44f0-9e47-f00f0818660e",
        "version": 636790044220010000,
        "metadata": {
          "creation_time": 636790044164460000,
          "modification_time": 636790044220010000,
          "tags": [],
          "caller_role": "NONE"
        }
      },
      "tags": [],
      "software_version": 1
    },
    {
      "id": 40,
      "path": "/",
      "name": "6ac69bef-fa1a-49eb-bc4d-075eea1e2e14",
      "type": "TableColumn",
      "creation_time": 0,
      "modification_time": 0,
      "inner_item": {
        "$type": "TableColumnDto",
        "poe": 7,
        "pbe": 9,
        "prefix": "",
        "is_primary": false,
        "history_type": "N",
        "block": 0,
        "ordinal": 200,
        "time_model_role_id": 0,
        "id": 40,
        "name": "6ac69bef-fa1a-49eb-bc4d-075eea1e2e14",
        "version": 636790044164460000,
        "metadata": {
          "creation_time": 636790044164460000,
          "modification_time": 636790044164460000,
          "tags": [],
          "caller_role": "NONE"
        }
      },
      "tags": [],
      "software_version": 1
    },
    {
      "id": 41,
      "path": "/",
      "name": "f3653399-2440-4c72-b929-d770b6002f65",
      "type": "TableColumn",
      "creation_time": 0,
      "modification_time": 0,
      "inner_item": {
        "$type": "TableColumnDto",
        "poe": 7,
        "pbe": 10,
        "prefix": "",
        "is_primary": false,
        "history_type": "N",
        "block": 0,
        "ordinal": 300,
        "time_model_role_id": 0,
        "id": 41,
        "name": "f3653399-2440-4c72-b929-d770b6002f65",
        "version": 636790044164460000,
        "metadata": {
          "creation_time": 636790044164460000,
          "modification_time": 636790044164460000,
          "tags": [],
          "caller_role": "NONE"
        }
      },
      "tags": [],
      "software_version": 1
    },
    {
      "id": 42,
      "path": "/",
      "name": "eabdf84c-6a04-4f83-b2c9-5f4132e8d523",
      "type": "TableColumn",
      "creation_time": 0,
      "modification_time": 0,
      "inner_item": {
        "$type": "TableColumnDto",
        "poe": 7,
        "pbe": 11,
        "prefix": "",
        "is_primary": false,
        "history_type": "N",
        "block": 0,
        "ordinal": 400,
        "time_model_role_id": 0,
        "id": 42,
        "name": "eabdf84c-6a04-4f83-b2c9-5f4132e8d523",
        "version": 636790044164460000,
        "metadata": {
          "creation_time": 636790044164460000,
          "modification_time": 636790044164460000,
          "tags": [],
          "caller_role": "NONE"
        }
      },
      "tags": [],
      "software_version": 1
    },
    {
      "id": 43,
      "path": "/",
      "name": "b2271342-b87a-41b3-9784-cb22919ee276",
      "type": "TableColumn",
      "creation_time": 0,
      "modification_time": 0,
      "inner_item": {
        "$type": "TableColumnDto",
        "poe": 7,
        "pbe": 12,
        "prefix": "",
        "is_primary": false,
        "history_type": "N",
        "block": 0,
        "ordinal": 500,
        "time_model_role_id": 0,
        "id": 43,
        "name": "b2271342-b87a-41b3-9784-cb22919ee276",
        "version": 636790044164460000,
        "metadata": {
          "creation_time": 636790044164460000,
          "modification_time": 636790044164460000,
          "tags": [],
          "caller_role": "NONE"
        }
      },
      "tags": [],
      "software_version": 1
    },
    {
      "id": 44,
      "path": "/",
      "name": "be3b2734-412a-4e48-9d1f-3ff0689a24b2",
      "type": "TableColumn",
      "creation_time": 0,
      "modification_time": 0,
      "inner_item": {
        "$type": "TableColumnDto",
        "poe": 13,
        "pbe": 14,
        "is_primary": true,
        "history_type": "N",
        "block": 0,
        "ordinal": 100,
        "time_model_role_id": 0,
        "expression": {
          "alias": []
        },
        "id": 44,
        "name": "be3b2734-412a-4e48-9d1f-3ff0689a24b2",
        "version": 636790044247960000,
        "metadata": {
          "creation_time": 636790044164460000,
          "modification_time": 636790044247960000,
          "tags": [],
          "caller_role": "NONE"
        }
      },
      "tags": [],
      "software_version": 1
    },
    {
      "id": 45,
      "path": "/",
      "name": "db3753b6-0488-4964-836e-0cfbb0924fd3",
      "type": "TableColumn",
      "creation_time": 0,
      "modification_time": 0,
      "inner_item": {
        "$type": "TableColumnDto",
        "poe": 13,
        "pbe": 15,
        "prefix": "",
        "is_primary": false,
        "history_type": "N",
        "block": 0,
        "ordinal": 200,
        "time_model_role_id": 0,
        "id": 45,
        "name": "db3753b6-0488-4964-836e-0cfbb0924fd3",
        "version": 636790044164460000,
        "metadata": {
          "creation_time": 636790044164460000,
          "modification_time": 636790044164460000,
          "tags": [],
          "caller_role": "NONE"
        }
      },
      "tags": [],
      "software_version": 1
    },
    {
      "id": 46,
      "path": "/",
      "name": "ac0ef3de-f446-4272-b569-9d63759525d4",
      "type": "TableColumn",
      "creation_time": 0,
      "modification_time": 0,
      "inner_item": {
        "$type": "TableColumnDto",
        "poe": 13,
        "pbe": 16,
        "prefix": "",
        "is_primary": false,
        "history_type": "N",
        "block": 0,
        "ordinal": 300,
        "time_model_role_id": 0,
        "id": 46,
        "name": "ac0ef3de-f446-4272-b569-9d63759525d4",
        "version": 636790044164460000,
        "metadata": {
          "creation_time": 636790044164460000,
          "modification_time": 636790044164460000,
          "tags": [],
          "caller_role": "NONE"
        }
      },
      "tags": [],
      "software_version": 1
    },
    {
      "id": 47,
      "path": "/",
      "name": "5e7a12c0-71d9-4802-a080-5abe567e92de",
      "type": "TableColumn",
      "creation_time": 0,
      "modification_time": 0,
      "inner_item": {
        "$type": "TableColumnDto",
        "poe": 13,
        "pbe": 17,
        "prefix": "",
        "is_primary": false,
        "history_type": "N",
        "block": 0,
        "ordinal": 400,
        "time_model_role_id": 0,
        "id": 47,
        "name": "5e7a12c0-71d9-4802-a080-5abe567e92de",
        "version": 636790044164460000,
        "metadata": {
          "creation_time": 636790044164460000,
          "modification_time": 636790044164460000,
          "tags": [],
          "caller_role": "NONE"
        }
      },
      "tags": [],
      "software_version": 1
    },
    {
      "id": 48,
      "path": "/",
      "name": "7020e2e6-b889-471d-9c25-699c271d61d4",
      "type": "TableColumn",
      "creation_time": 0,
      "modification_time": 0,
      "inner_item": {
        "$type": "TableColumnDto",
        "poe": 13,
        "pbe": 18,
        "prefix": "",
        "is_primary": false,
        "history_type": "N",
        "block": 0,
        "ordinal": 500,
        "time_model_role_id": 0,
        "id": 48,
        "name": "7020e2e6-b889-471d-9c25-699c271d61d4",
        "version": 636790044164460000,
        "metadata": {
          "creation_time": 636790044164460000,
          "modification_time": 636790044164460000,
          "tags": [],
          "caller_role": "NONE"
        }
      },
      "tags": [],
      "software_version": 1
    },
    {
      "id": 49,
      "path": "/",
      "name": "14c94427-2a0a-48ca-99b0-172610460d1d",
      "type": "TableColumn",
      "creation_time": 0,
      "modification_time": 0,
      "inner_item": {
        "$type": "TableColumnDto",
        "poe": 13,
        "pbe": 19,
        "prefix": "",
        "is_primary": false,
        "history_type": "N",
        "block": 0,
        "ordinal": 600,
        "time_model_role_id": 0,
        "id": 49,
        "name": "14c94427-2a0a-48ca-99b0-172610460d1d",
        "version": 636790044164460000,
        "metadata": {
          "creation_time": 636790044164460000,
          "modification_time": 636790044164460000,
          "tags": [],
          "caller_role": "NONE"
        }
      },
      "tags": [],
      "software_version": 1
    },
    {
      "id": 50,
      "path": "/",
      "name": "d9a471bb-4149-43e6-83cd-5576218c9ccf",
      "type": "TableColumn",
      "creation_time": 0,
      "modification_time": 0,
      "inner_item": {
        "$type": "TableColumnDto",
        "poe": 13,
        "pbe": 20,
        "prefix": "",
        "is_primary": false,
        "history_type": "N",
        "block": 0,
        "ordinal": 700,
        "time_model_role_id": 0,
        "id": 50,
        "name": "d9a471bb-4149-43e6-83cd-5576218c9ccf",
        "version": 636790044164460000,
        "metadata": {
          "creation_time": 636790044164460000,
          "modification_time": 636790044164460000,
          "tags": [],
          "caller_role": "NONE"
        }
      },
      "tags": [],
      "software_version": 1
    },
    {
      "id": 51,
      "path": "/",
      "name": "765c73ac-b0a9-49c7-baf2-43e12403994e",
      "type": "TableColumn",
      "creation_time": 0,
      "modification_time": 0,
      "inner_item": {
        "$type": "TableColumnDto",
        "poe": 13,
        "pbe": 21,
        "prefix": "",
        "is_primary": false,
        "history_type": "N",
        "block": 0,
        "ordinal": 800,
        "time_model_role_id": 0,
        "id": 51,
        "name": "765c73ac-b0a9-49c7-baf2-43e12403994e",
        "version": 636790044164460000,
        "metadata": {
          "creation_time": 636790044164460000,
          "modification_time": 636790044164460000,
          "tags": [],
          "caller_role": "NONE"
        }
      },
      "tags": [],
      "software_version": 1
    },
    {
      "id": 52,
      "path": "/",
      "name": "410eff0e-712e-42a6-b1cf-f3db78bf2de3",
      "type": "TableColumn",
      "creation_time": 0,
      "modification_time": 0,
      "inner_item": {
        "$type": "TableColumnDto",
        "poe": 13,
        "pbe": 22,
        "prefix": "",
        "is_primary": false,
        "history_type": "N",
        "block": 0,
        "ordinal": 900,
        "time_model_role_id": 0,
        "id": 52,
        "name": "410eff0e-712e-42a6-b1cf-f3db78bf2de3",
        "version": 636790044164460000,
        "metadata": {
          "creation_time": 636790044164460000,
          "modification_time": 636790044164460000,
          "tags": [],
          "caller_role": "NONE"
        }
      },
      "tags": [],
      "software_version": 1
    },
    {
      "id": 53,
      "path": "/",
      "name": "01904ab9-f2d3-420c-a5d3-1d83fc67adff",
      "type": "TableColumn",
      "creation_time": 0,
      "modification_time": 0,
      "inner_item": {
        "$type": "TableColumnDto",
        "poe": 13,
        "pbe": 23,
        "prefix": "",
        "is_primary": false,
        "history_type": "N",
        "block": 0,
        "ordinal": 1000,
        "time_model_role_id": 0,
        "id": 53,
        "name": "01904ab9-f2d3-420c-a5d3-1d83fc67adff",
        "version": 636790044164460000,
        "metadata": {
          "creation_time": 636790044164460000,
          "modification_time": 636790044164460000,
          "tags": [],
          "caller_role": "NONE"
        }
      },
      "tags": [],
      "software_version": 1
    },
    {
      "id": 54,
      "path": "/",
      "name": "bdbd70c2-8837-41aa-8053-fb1fb7282b4e",
      "type": "TableColumn",
      "creation_time": 0,
      "modification_time": 0,
      "inner_item": {
        "$type": "TableColumnDto",
        "poe": 13,
        "pbe": 24,
        "prefix": "",
        "is_primary": false,
        "history_type": "N",
        "block": 0,
        "ordinal": 1100,
        "time_model_role_id": 0,
        "id": 54,
        "name": "bdbd70c2-8837-41aa-8053-fb1fb7282b4e",
        "version": 636790044164460000,
        "metadata": {
          "creation_time": 636790044164460000,
          "modification_time": 636790044164460000,
          "tags": [],
          "caller_role": "NONE"
        }
      },
      "tags": [],
      "software_version": 1
    },
    {
      "id": 55,
      "path": "/",
      "name": "0f16a378-d9ed-4f7d-b945-ada7fa38ae55",
      "type": "TableColumn",
      "creation_time": 0,
      "modification_time": 0,
      "inner_item": {
        "$type": "TableColumnDto",
        "poe": 25,
        "pbe": 26,
        "is_primary": true,
        "history_type": "N",
        "block": 0,
        "ordinal": 100,
        "time_model_role_id": 0,
        "expression": {
          "alias": []
        },
        "id": 55,
        "name": "0f16a378-d9ed-4f7d-b945-ada7fa38ae55",
        "version": 636790044267980000,
        "metadata": {
          "creation_time": 636790044164460000,
          "modification_time": 636790044267980000,
          "tags": [],
          "caller_role": "NONE"
        }
      },
      "tags": [],
      "software_version": 1
    },
    {
      "id": 56,
      "path": "/",
      "name": "561332c7-72eb-444c-a3fd-f718e575f74e",
      "type": "TableColumn",
      "creation_time": 0,
      "modification_time": 0,
      "inner_item": {
        "$type": "TableColumnDto",
        "poe": 25,
        "pbe": 27,
        "prefix": "",
        "is_primary": false,
        "history_type": "N",
        "block": 0,
        "ordinal": 200,
        "time_model_role_id": 0,
        "id": 56,
        "name": "561332c7-72eb-444c-a3fd-f718e575f74e",
        "version": 636790044164460000,
        "metadata": {
          "creation_time": 636790044164460000,
          "modification_time": 636790044164460000,
          "tags": [],
          "caller_role": "NONE"
        }
      },
      "tags": [],
      "software_version": 1
    },
    {
      "id": 57,
      "path": "/",
      "name": "a5e34315-3cdd-4aa2-988d-c1106999aa37",
      "type": "TableColumn",
      "creation_time": 0,
      "modification_time": 0,
      "inner_item": {
        "$type": "TableColumnDto",
        "poe": 25,
        "pbe": 28,
        "prefix": "",
        "is_primary": false,
        "history_type": "N",
        "block": 0,
        "ordinal": 300,
        "time_model_role_id": 0,
        "id": 57,
        "name": "a5e34315-3cdd-4aa2-988d-c1106999aa37",
        "version": 636790044164460000,
        "metadata": {
          "creation_time": 636790044164460000,
          "modification_time": 636790044164460000,
          "tags": [],
          "caller_role": "NONE"
        }
      },
      "tags": [],
      "software_version": 1
    },
    {
      "id": 58,
      "path": "/",
      "name": "90d9421d-333f-4022-8332-863b0544746f",
      "type": "TableColumn",
      "creation_time": 0,
      "modification_time": 0,
      "inner_item": {
        "$type": "TableColumnDto",
        "poe": 25,
        "pbe": 29,
        "prefix": "",
        "is_primary": false,
        "history_type": "N",
        "block": 0,
        "ordinal": 400,
        "time_model_role_id": 0,
        "id": 58,
        "name": "90d9421d-333f-4022-8332-863b0544746f",
        "version": 636790044164460000,
        "metadata": {
          "creation_time": 636790044164460000,
          "modification_time": 636790044164460000,
          "tags": [],
          "caller_role": "NONE"
        }
      },
      "tags": [],
      "software_version": 1
    },
    {
      "id": 59,
      "path": "/",
      "name": "3ffcc6bd-7b5a-4afc-ab98-220f1acc16cb",
      "type": "TableColumn",
      "creation_time": 0,
      "modification_time": 0,
      "inner_item": {
        "$type": "TableColumnDto",
        "poe": 25,
        "pbe": 30,
        "prefix": "",
        "is_primary": false,
        "history_type": "N",
        "block": 0,
        "ordinal": 500,
        "time_model_role_id": 0,
        "id": 59,
        "name": "3ffcc6bd-7b5a-4afc-ab98-220f1acc16cb",
        "version": 636790044164460000,
        "metadata": {
          "creation_time": 636790044164460000,
          "modification_time": 636790044164460000,
          "tags": [],
          "caller_role": "NONE"
        }
      },
      "tags": [],
      "software_version": 1
    },
    {
      "id": 60,
      "path": "/",
      "name": "f6b87a76-ca1c-4453-9fae-2ed2581f5277",
      "type": "TableColumn",
      "creation_time": 0,
      "modification_time": 0,
      "inner_item": {
        "$type": "TableColumnDto",
        "poe": 25,
        "pbe": 31,
        "prefix": "",
        "is_primary": false,
        "history_type": "N",
        "block": 0,
        "ordinal": 600,
        "time_model_role_id": 0,
        "id": 60,
        "name": "f6b87a76-ca1c-4453-9fae-2ed2581f5277",
        "version": 636790044164460000,
        "metadata": {
          "creation_time": 636790044164460000,
          "modification_time": 636790044164460000,
          "tags": [],
          "caller_role": "NONE"
        }
      },
      "tags": [],
      "software_version": 1
    },
    {
      "id": 61,
      "path": "/",
      "name": "0c0edeaf-7229-43e2-9a47-b55f9d24af34",
      "type": "TableColumn",
      "creation_time": 0,
      "modification_time": 0,
      "inner_item": {
        "$type": "TableColumnDto",
        "poe": 25,
        "pbe": 32,
        "prefix": "",
        "is_primary": false,
        "history_type": "N",
        "block": 0,
        "ordinal": 700,
        "time_model_role_id": 0,
        "id": 61,
        "name": "0c0edeaf-7229-43e2-9a47-b55f9d24af34",
        "version": 636790044164460000,
        "metadata": {
          "creation_time": 636790044164460000,
          "modification_time": 636790044164460000,
          "tags": [],
          "caller_role": "NONE"
        }
      },
      "tags": [],
      "software_version": 1
    },
    {
      "id": 62,
      "path": "/",
      "name": "ea3415e0-a80e-44d3-9a24-316fd76f093b",
      "type": "TableColumn",
      "creation_time": 0,
      "modification_time": 0,
      "inner_item": {
        "$type": "TableColumnDto",
        "poe": 25,
        "pbe": 18,
        "prefix": "",
        "is_primary": false,
        "history_type": "N",
        "block": 0,
        "ordinal": 800,
        "time_model_role_id": 0,
        "id": 62,
        "name": "ea3415e0-a80e-44d3-9a24-316fd76f093b",
        "version": 636790044164460000,
        "metadata": {
          "creation_time": 636790044164460000,
          "modification_time": 636790044164460000,
          "tags": [],
          "caller_role": "NONE"
        }
      },
      "tags": [],
      "software_version": 1
    },
    {
      "id": 63,
      "path": "/",
      "name": "d87ef433-1b6d-4e8d-aa42-8984c24769b9",
      "type": "TableColumn",
      "creation_time": 0,
      "modification_time": 0,
      "inner_item": {
        "$type": "TableColumnDto",
        "poe": 25,
        "pbe": 19,
        "prefix": "",
        "is_primary": false,
        "history_type": "N",
        "block": 0,
        "ordinal": 900,
        "time_model_role_id": 0,
        "id": 63,
        "name": "d87ef433-1b6d-4e8d-aa42-8984c24769b9",
        "version": 636790044164460000,
        "metadata": {
          "creation_time": 636790044164460000,
          "modification_time": 636790044164460000,
          "tags": [],
          "caller_role": "NONE"
        }
      },
      "tags": [],
      "software_version": 1
    },
    {
      "id": 64,
      "path": "/",
      "name": "253b1a9d-d948-4d8d-b63c-0e93b23cfed1",
      "type": "TableColumn",
      "creation_time": 0,
      "modification_time": 0,
      "inner_item": {
        "$type": "TableColumnDto",
        "poe": 25,
        "pbe": 20,
        "prefix": "",
        "is_primary": false,
        "history_type": "N",
        "block": 0,
        "ordinal": 1000,
        "time_model_role_id": 0,
        "id": 64,
        "name": "253b1a9d-d948-4d8d-b63c-0e93b23cfed1",
        "version": 636790044164460000,
        "metadata": {
          "creation_time": 636790044164460000,
          "modification_time": 636790044164460000,
          "tags": [],
          "caller_role": "NONE"
        }
      },
      "tags": [],
      "software_version": 1
    },
    {
      "id": 65,
      "path": "/",
      "name": "30861334-e97b-4125-a951-d13c1e278e76",
      "type": "TableColumn",
      "creation_time": 0,
      "modification_time": 0,
      "inner_item": {
        "$type": "TableColumnDto",
        "poe": 25,
        "pbe": 21,
        "prefix": "",
        "is_primary": false,
        "history_type": "N",
        "block": 0,
        "ordinal": 1100,
        "time_model_role_id": 0,
        "id": 65,
        "name": "30861334-e97b-4125-a951-d13c1e278e76",
        "version": 636790044164460000,
        "metadata": {
          "creation_time": 636790044164460000,
          "modification_time": 636790044164460000,
          "tags": [],
          "caller_role": "NONE"
        }
      },
      "tags": [],
      "software_version": 1
    },
    {
      "id": 66,
      "path": "/",
      "name": "3dcaf6fd-1939-45fc-bd93-de6b0ed955f8",
      "type": "TableColumn",
      "creation_time": 0,
      "modification_time": 0,
      "inner_item": {
        "$type": "TableColumnDto",
        "poe": 25,
        "pbe": 22,
        "prefix": "",
        "is_primary": false,
        "history_type": "N",
        "block": 0,
        "ordinal": 1200,
        "time_model_role_id": 0,
        "id": 66,
        "name": "3dcaf6fd-1939-45fc-bd93-de6b0ed955f8",
        "version": 636790044164460000,
        "metadata": {
          "creation_time": 636790044164460000,
          "modification_time": 636790044164460000,
          "tags": [],
          "caller_role": "NONE"
        }
      },
      "tags": [],
      "software_version": 1
    },
    {
      "id": 67,
      "path": "/",
      "name": "3381f2da-8c2c-4adc-acb6-d9879c80ddb6",
      "type": "TableColumn",
      "creation_time": 0,
      "modification_time": 0,
      "inner_item": {
        "$type": "TableColumnDto",
        "poe": 25,
        "pbe": 33,
        "prefix": "",
        "is_primary": false,
        "history_type": "N",
        "block": 0,
        "ordinal": 1300,
        "time_model_role_id": 0,
        "id": 67,
        "name": "3381f2da-8c2c-4adc-acb6-d9879c80ddb6",
        "version": 636790044164460000,
        "metadata": {
          "creation_time": 636790044164460000,
          "modification_time": 636790044164460000,
          "tags": [],
          "caller_role": "NONE"
        }
      },
      "tags": [],
      "software_version": 1
    },
    {
      "id": 68,
      "path": "/",
      "name": "7f675511-0b30-484b-bf72-cedfec162b06",
      "type": "TableColumn",
      "creation_time": 0,
      "modification_time": 0,
      "inner_item": {
        "$type": "TableColumnDto",
        "poe": 25,
        "pbe": 34,
        "prefix": "",
        "is_primary": false,
        "history_type": "N",
        "block": 0,
        "ordinal": 1400,
        "time_model_role_id": 0,
        "id": 68,
        "name": "7f675511-0b30-484b-bf72-cedfec162b06",
        "version": 636790044164460000,
        "metadata": {
          "creation_time": 636790044164460000,
          "modification_time": 636790044164460000,
          "tags": [],
          "caller_role": "NONE"
        }
      },
      "tags": [],
      "software_version": 1
    },
    {
      "id": 69,
      "path": "/",
      "name": "cea5ae4f-0045-4d2c-8b9e-11f8db9c4941",
      "type": "TableColumn",
      "creation_time": 0,
      "modification_time": 0,
      "inner_item": {
        "$type": "TableColumnDto",
        "poe": 25,
        "pbe": 35,
        "prefix": "",
        "is_primary": false,
        "history_type": "N",
        "block": 0,
        "ordinal": 1500,
        "time_model_role_id": 0,
        "id": 69,
        "name": "cea5ae4f-0045-4d2c-8b9e-11f8db9c4941",
        "version": 636790044164460000,
        "metadata": {
          "creation_time": 636790044164460000,
          "modification_time": 636790044164460000,
          "tags": [],
          "caller_role": "NONE"
        }
      },
      "tags": [],
      "software_version": 1
    },
    {
      "id": 70,
      "path": "/",
      "name": "0593a3c5-afc3-4b2f-b30f-40b7dab10845",
      "type": "TableColumn",
      "creation_time": 0,
      "modification_time": 0,
      "inner_item": {
        "$type": "TableColumnDto",
        "poe": 25,
        "pbe": 36,
        "prefix": "",
        "is_primary": false,
        "history_type": "N",
        "block": 0,
        "ordinal": 1600,
        "time_model_role_id": 0,
        "id": 70,
        "name": "0593a3c5-afc3-4b2f-b30f-40b7dab10845",
        "version": 636790044164460000,
        "metadata": {
          "creation_time": 636790044164460000,
          "modification_time": 636790044164460000,
          "tags": [],
          "caller_role": "NONE"
        }
      },
      "tags": [],
      "software_version": 1
    },
    {
      "id": 71,
      "path": "/",
      "name": "0957e71c-3760-4a0d-9dbd-49b27ed22c06",
      "type": "TableColumn",
      "creation_time": 0,
      "modification_time": 0,
      "inner_item": {
        "$type": "TableColumnDto",
        "poe": 37,
        "pbe": 26,
        "is_primary": true,
        "history_type": "N",
        "block": 0,
        "ordinal": 100,
        "time_model_role_id": 0,
        "expression": {
          "alias": []
        },
        "id": 71,
        "name": "0957e71c-3760-4a0d-9dbd-49b27ed22c06",
        "version": 636790044297300000,
        "metadata": {
          "creation_time": 636790044164460000,
          "modification_time": 636790044297300000,
          "tags": [],
          "caller_role": "NONE"
        }
      },
      "tags": [],
      "software_version": 1
    },
    {
      "id": 72,
      "path": "/",
      "name": "07ad15f0-efbf-4c29-8cd8-1be750d3bb4b",
      "type": "TableColumn",
      "creation_time": 0,
      "modification_time": 0,
      "inner_item": {
        "$type": "TableColumnDto",
        "poe": 37,
        "pbe": 38,
        "prefix": "",
        "is_primary": false,
        "history_type": "N",
        "block": 0,
        "ordinal": 200,
        "time_model_role_id": 0,
        "id": 72,
        "name": "07ad15f0-efbf-4c29-8cd8-1be750d3bb4b",
        "version": 636790044164460000,
        "metadata": {
          "creation_time": 636790044164460000,
          "modification_time": 636790044164460000,
          "tags": [],
          "caller_role": "NONE"
        }
      },
      "tags": [],
      "software_version": 1
    },
    {
      "id": 74,
      "path": "/",
      "name": "Map_categories_land",
      "type": "Mapping",
      "creation_time": 0,
      "modification_time": 0,
      "inner_item": {
        "$type": "MappingDto",
        "entity_id": 7,
        "is_active_mapping_pi": false,
        "schema": "landing",
        "database_id": 6,
        "table_name": "categories",
        "mapping_type": "TABLE",
        "is_aggregated": false,
        "mapping_fields": [
          {
            "mapping_type": "DIRECT",
            "source_col_name": "header__deleted",
            "staging_col_name_int": "header__deleted"
          },
          {
            "mapping_type": "DIRECT",
            "source_col_name": "categoryid",
            "staging_col_name_int": "COLID_39_8"
          },
          {
            "mapping_type": "DIRECT",
            "source_col_name": "categoryname",
            "staging_col_name_int": "COLID_40_9"
          },
          {
            "mapping_type": "DIRECT",
            "source_col_name": "mycat",
            "staging_col_name_int": "COLID_41_10"
          },
          {
            "mapping_type": "DIRECT",
            "source_col_name": "new_col_1",
            "staging_col_name_int": "COLID_42_11"
          },
          {
            "mapping_type": "DIRECT",
            "source_col_name": "new_date",
            "staging_col_name_int": "COLID_43_12"
          }
        ],
        "mapping_query": "",
        "data_quality_rules": [
          {
            "action": "REJECT_AND_REPORT",
            "type": "EXPRESSION",
            "name": "Business Keys cannot be NULL",
            "enabled": false,
            "order": 0,
            "is_internal": true
          }
        ],
        "cleansing_rules": [],
        "null_behaviour": "USE_ETL_SETTING",
        "id": 74,
        "name": "Map_categories_land",
        "version": 636790044164920000,
        "metadata": {
          "creation_time": 636790044164700000,
          "modification_time": 636790044164920000,
          "tags": [],
          "caller_role": "NONE"
        }
      },
      "tags": [],
      "software_version": 2
    },
    {
      "id": 75,
      "path": "/",
      "name": "Map_customers_land",
      "type": "Mapping",
      "creation_time": 0,
      "modification_time": 0,
      "inner_item": {
        "$type": "MappingDto",
        "entity_id": 13,
        "is_active_mapping_pi": false,
        "schema": "landing",
        "database_id": 6,
        "table_name": "customers",
        "mapping_type": "TABLE",
        "is_aggregated": false,
        "mapping_fields": [
          {
            "mapping_type": "DIRECT",
            "source_col_name": "header__deleted",
            "staging_col_name_int": "header__deleted"
          },
          {
            "mapping_type": "DIRECT",
            "source_col_name": "customerid",
            "staging_col_name_int": "COLID_44_14"
          },
          {
            "mapping_type": "DIRECT",
            "source_col_name": "companyname",
            "staging_col_name_int": "COLID_45_15"
          },
          {
            "mapping_type": "DIRECT",
            "source_col_name": "contactname",
            "staging_col_name_int": "COLID_46_16"
          },
          {
            "mapping_type": "DIRECT",
            "source_col_name": "contacttitle",
            "staging_col_name_int": "COLID_47_17"
          },
          {
            "mapping_type": "DIRECT",
            "source_col_name": "address",
            "staging_col_name_int": "COLID_48_18"
          },
          {
            "mapping_type": "DIRECT",
            "source_col_name": "city",
            "staging_col_name_int": "COLID_49_19"
          },
          {
            "mapping_type": "DIRECT",
            "source_col_name": "region",
            "staging_col_name_int": "COLID_50_20"
          },
          {
            "mapping_type": "DIRECT",
            "source_col_name": "postalcode",
            "staging_col_name_int": "COLID_51_21"
          },
          {
            "mapping_type": "DIRECT",
            "source_col_name": "country",
            "staging_col_name_int": "COLID_52_22"
          },
          {
            "mapping_type": "DIRECT",
            "source_col_name": "phone",
            "staging_col_name_int": "COLID_53_23"
          },
          {
            "mapping_type": "DIRECT",
            "source_col_name": "fax",
            "staging_col_name_int": "COLID_54_24"
          }
        ],
        "mapping_query": "",
        "data_quality_rules": [
          {
            "action": "REJECT_AND_REPORT",
            "type": "EXPRESSION",
            "name": "Business Keys cannot be NULL",
            "enabled": false,
            "order": 0,
            "is_internal": true
          }
        ],
        "cleansing_rules": [],
        "null_behaviour": "USE_ETL_SETTING",
        "id": 75,
        "name": "Map_customers_land",
        "version": 636790044164980000,
        "metadata": {
          "creation_time": 636790044164960000,
          "modification_time": 636790044164980000,
          "tags": [],
          "caller_role": "NONE"
        }
      },
      "tags": [],
      "software_version": 2
    },
    {
      "id": 76,
      "path": "/",
      "name": "Map_employees_land",
      "type": "Mapping",
      "creation_time": 0,
      "modification_time": 0,
      "inner_item": {
        "$type": "MappingDto",
        "entity_id": 25,
        "is_active_mapping_pi": false,
        "schema": "landing",
        "database_id": 6,
        "table_name": "employees",
        "mapping_type": "TABLE",
        "is_aggregated": false,
        "mapping_fields": [
          {
            "mapping_type": "DIRECT",
            "source_col_name": "header__deleted",
            "staging_col_name_int": "header__deleted"
          },
          {
            "mapping_type": "DIRECT",
            "source_col_name": "employeeid",
            "staging_col_name_int": "COLID_55_26"
          },
          {
            "mapping_type": "DIRECT",
            "source_col_name": "lastname",
            "staging_col_name_int": "COLID_56_27"
          },
          {
            "mapping_type": "DIRECT",
            "source_col_name": "firstname",
            "staging_col_name_int": "COLID_57_28"
          },
          {
            "mapping_type": "DIRECT",
            "source_col_name": "title",
            "staging_col_name_int": "COLID_58_29"
          },
          {
            "mapping_type": "DIRECT",
            "source_col_name": "titleofcourtesy",
            "staging_col_name_int": "COLID_59_30"
          },
          {
            "mapping_type": "DIRECT",
            "source_col_name": "birthdate",
            "staging_col_name_int": "COLID_60_31"
          },
          {
            "mapping_type": "DIRECT",
            "source_col_name": "hiredate",
            "staging_col_name_int": "COLID_61_32"
          },
          {
            "mapping_type": "DIRECT",
            "source_col_name": "address",
            "staging_col_name_int": "COLID_62_18"
          },
          {
            "mapping_type": "DIRECT",
            "source_col_name": "city",
            "staging_col_name_int": "COLID_63_19"
          },
          {
            "mapping_type": "DIRECT",
            "source_col_name": "region",
            "staging_col_name_int": "COLID_64_20"
          },
          {
            "mapping_type": "DIRECT",
            "source_col_name": "postalcode",
            "staging_col_name_int": "COLID_65_21"
          },
          {
            "mapping_type": "DIRECT",
            "source_col_name": "country",
            "staging_col_name_int": "COLID_66_22"
          },
          {
            "mapping_type": "DIRECT",
            "source_col_name": "homephone",
            "staging_col_name_int": "COLID_67_33"
          },
          {
            "mapping_type": "DIRECT",
            "source_col_name": "extension",
            "staging_col_name_int": "COLID_68_34"
          },
          {
            "mapping_type": "DIRECT",
            "source_col_name": "reportsto",
            "staging_col_name_int": "COLID_69_35"
          },
          {
            "mapping_type": "DIRECT",
            "source_col_name": "photopath",
            "staging_col_name_int": "COLID_70_36"
          }
        ],
        "mapping_query": "",
        "data_quality_rules": [
          {
            "action": "REJECT_AND_REPORT",
            "type": "EXPRESSION",
            "name": "Business Keys cannot be NULL",
            "enabled": false,
            "order": 0,
            "is_internal": true
          }
        ],
        "cleansing_rules": [],
        "null_behaviour": "USE_ETL_SETTING",
        "id": 76,
        "name": "Map_employees_land",
        "version": 636790044165030000,
        "metadata": {
          "creation_time": 636790044165000000,
          "modification_time": 636790044165030000,
          "tags": [],
          "caller_role": "NONE"
        }
      },
      "tags": [],
      "software_version": 2
    },
    {
      "id": 77,
      "path": "/",
      "name": "Map_employeeterritories_land",
      "type": "Mapping",
      "creation_time": 0,
      "modification_time": 0,
      "inner_item": {
        "$type": "MappingDto",
        "entity_id": 37,
        "is_active_mapping_pi": false,
        "schema": "landing",
        "database_id": 6,
        "table_name": "employeeterritories",
        "mapping_type": "TABLE",
        "is_aggregated": false,
        "mapping_fields": [
          {
            "mapping_type": "DIRECT",
            "source_col_name": "header__deleted",
            "staging_col_name_int": "header__deleted"
          },
          {
            "mapping_type": "DIRECT",
            "source_col_name": "employeeid",
            "staging_col_name_int": "COLID_71_26"
          },
          {
            "mapping_type": "DIRECT",
            "source_col_name": "territoryid",
            "staging_col_name_int": "COLID_72_38"
          }
        ],
        "mapping_query": "",
        "data_quality_rules": [
          {
            "action": "REJECT_AND_REPORT",
            "type": "EXPRESSION",
            "name": "Business Keys cannot be NULL",
            "enabled": false,
            "order": 0,
            "is_internal": true
          }
        ],
        "cleansing_rules": [],
        "null_behaviour": "USE_ETL_SETTING",
        "id": 77,
        "name": "Map_employeeterritories_land",
        "version": 636790044165160000,
        "metadata": {
          "creation_time": 636790044165140000,
          "modification_time": 636790044165160000,
          "tags": [],
          "caller_role": "NONE"
        }
      },
      "tags": [],
      "software_version": 2
    },
    {
      "id": 3,
      "path": "/",
      "name": "Compactor",
      "type": "ETLInfo",
      "creation_time": 0,
      "modification_time": 0,
      "inner_item": {
        "$type": "ETLInfoDto",
        "data": {
          "seqr_processing": false,
          "FULLREBUILD": false,
          "SELOFRUNS": 0,
          "EMPTYRUNNRSTABLE": true,
          "INSERTRUNNRSTABLE": true,
          "MAXCDC_COLUMNS": 10,
          "SPLITRELSANDATTS": false,
          "STOPAFTERSTAGING": false,
          "PARAM_RUNNR": "1",
          "dm_cohorts": [],
          "engine_settings": {
            "thread_connection_settings": {
              "thread_pool_size": 10,
              "thread_pool_max": 18,
              "thread_queue_max": 10000,
              "thread_timeout": 3000
            },
            "database_connection_settings": {
              "db_pool_size": 200,
              "db_reap_interval": 30000,
              "db_lease_timeout": 60000,
              "print_db_leases": false
            },
            "engine_logging_settings": {
              "log_level": "INFO",
              "log_file": "$project-path$\\$task-name$\\$task-name$_Log.log",
              "log_file_timestamp": true,
              "log_console": true,
              "log_stack_trace": false,
              "log_jdbc_driver_output": false,
              "log_mapping_fields": false,
              "log_mapping_values": false,
              "log_sync_provider_output": false,
              "log_prep_statmt_bindings": false,
              "log_dbms_leasing": false,
              "log_table_contents": false,
              "log_sql_monitor_output": false,
              "log_param_substitution": false,
              "log_mop_ids": false,
              "log_java_env": false,
              "log_mopping_state": false,
              "log_table_cache_rows": 20,
              "print_final_log": false,
              "print_dbms_info": false,
              "create_missing_tables": false
            },
            "mopping_thread_settings": {
              "mop_direct_write": false,
              "mop_thread_pool_size": 18,
              "mop_thread_pool_max": 18,
              "mop_thread_queue_max": 2500,
              "mop_thread_timeout": 3000,
              "mop_write_queue_max": 100,
              "mop_no_id_ledelins": true,
              "mop_without_write": false
            },
            "general_settings": {
              "java_mem": "-Xms1024M -Xmx4096M",
              "stt_date": "NOW",
              "up_ddate": "NOW",
              "tgt_os": "MSWL",
              "tgt_sh": "cmd",
              "validate_data_types": false,
              "validate_only": false,
              "fetch_size": 1000,
              "batch_max_rows": 20,
              "nr_of_committed_rows": 10000,
              "parameter_worm": true,
              "instruction_delay": false,
              "memory_reaper": false,
              "ORACLE_DATADIRECT": false,
              "ORACLE_TNSNAMES": "",
              "SQLSERVER_DATADIRECT": false,
              "SQLSERVER_DRIVER_1_1": true,
              "JTDS": false,
              "DB2_DATADIRECT": false,
              "encrypted_password": true,
              "change_processing_by_query": false
            },
            "advanced_settings": {
              "retain_stg_tables": false,
              "retain_imt_tables": false,
              "imt_tables_volatile": false,
              "write_etl_cmnds_to_db": false
            },
            "spark_settings": {
              "properties": {}
            }
          },
          "workflow_position": 1,
          "dwh_full_load": false,
          "dm_enable_table_logging": false,
          "allow_updating_to_null": false,
          "from_date_unmapped_value": "LOWEST",
          "CDC__delay": 0
        },
        "active_mappings": [],
        "entity_action": [],
        "etl_type": "Compactor",
        "active_custom_etls": [],
        "uuid": "d7629251-67a1-46d6-a7a2-71e34e3d66b6",
        "task_Stage": "DataWarehouse",
        "id": 3,
        "name": "Compactor",
        "version": 636790043897720000,
        "metadata": {
          "creation_time": 636790043897720000,
          "modification_time": 636790043897720000,
          "tags": [],
          "caller_role": "NONE"
        }
      },
      "tags": [],
      "software_version": 2
    },
    {
      "id": 73,
      "path": "/",
      "name": "land",
      "type": "ETLInfo",
      "creation_time": 0,
      "modification_time": 0,
      "inner_item": {
        "$type": "ETLInfoDto",
        "data": {
          "seqr_processing": false,
          "FULLREBUILD": false,
          "SELOFRUNS": 0,
          "EMPTYRUNNRSTABLE": true,
          "INSERTRUNNRSTABLE": true,
          "MAXCDC_COLUMNS": 10,
          "SPLITRELSANDATTS": false,
          "STOPAFTERSTAGING": false,
          "PARAM_RUNNR": "1",
          "dm_cohorts": [],
          "engine_settings": {
            "thread_connection_settings": {
              "thread_pool_size": 10,
              "thread_pool_max": 18,
              "thread_queue_max": 10000,
              "thread_timeout": 3000
            },
            "database_connection_settings": {
              "db_pool_size": 200,
              "db_reap_interval": 30000,
              "db_lease_timeout": 60000,
              "print_db_leases": false
            },
            "engine_logging_settings": {
              "log_level": "INFO",
              "log_file": "$project-path$\\$task-name$\\$task-name$_Log.log",
              "log_file_timestamp": true,
              "log_console": true,
              "log_stack_trace": false,
              "log_jdbc_driver_output": false,
              "log_mapping_fields": false,
              "log_mapping_values": false,
              "log_sync_provider_output": false,
              "log_prep_statmt_bindings": false,
              "log_dbms_leasing": false,
              "log_table_contents": false,
              "log_sql_monitor_output": false,
              "log_param_substitution": false,
              "log_mop_ids": false,
              "log_java_env": false,
              "log_mopping_state": false,
              "log_table_cache_rows": 20,
              "print_final_log": false,
              "print_dbms_info": false,
              "create_missing_tables": false
            },
            "mopping_thread_settings": {
              "mop_direct_write": false,
              "mop_thread_pool_size": 18,
              "mop_thread_pool_max": 18,
              "mop_thread_queue_max": 2500,
              "mop_thread_timeout": 3000,
              "mop_write_queue_max": 100,
              "mop_no_id_ledelins": true,
              "mop_without_write": false
            },
            "general_settings": {
              "java_mem": "-Xms1024M -Xmx4096M",
              "stt_date": "NOW",
              "up_ddate": "NOW",
              "tgt_os": "MSWL",
              "tgt_sh": "cmd",
              "validate_data_types": false,
              "validate_only": false,
              "fetch_size": 1000,
              "batch_max_rows": 20,
              "nr_of_committed_rows": 10000,
              "parameter_worm": true,
              "instruction_delay": false,
              "memory_reaper": false,
              "ORACLE_DATADIRECT": false,
              "ORACLE_TNSNAMES": "",
              "SQLSERVER_DATADIRECT": false,
              "SQLSERVER_DRIVER_1_1": true,
              "JTDS": false,
              "DB2_DATADIRECT": false,
              "encrypted_password": true,
              "change_processing_by_query": false
            },
            "advanced_settings": {
              "retain_stg_tables": false,
              "retain_imt_tables": false,
              "imt_tables_volatile": false,
              "write_etl_cmnds_to_db": false
            },
            "spark_settings": {
              "properties": {}
            }
          },
          "workflow_position": 1,
          "dwh_full_load": false,
          "dm_enable_table_logging": false,
          "allow_updating_to_null": false,
          "from_date_unmapped_value": "LOWEST",
          "CDC__delay": 0
        },
        "active_mappings": [
          74,
          75,
          76,
          77
        ],
        "entity_action": [
          {
            "handle_duplicates": true,
            "ext_load": false,
            "entity_id": 7
          },
          {
            "handle_duplicates": true,
            "ext_load": false,
            "entity_id": 13
          },
          {
            "handle_duplicates": true,
            "ext_load": false,
            "entity_id": 25
          },
          {
            "handle_duplicates": true,
            "ext_load": false,
            "entity_id": 37
          }
        ],
        "etl_type": "Storage_FL_CDC",
        "active_custom_etls": [],
        "uuid": "4be303da-c585-4431-9950-1d2da6261ca9",
        "task_Stage": "DataWarehouse",
        "id": 73,
        "name": "land",
        "version": 636790044165170000,
        "metadata": {
          "creation_time": 636790044164660000,
          "modification_time": 636790044165170000,
          "tags": [],
          "caller_role": "NONE"
        }
      },
      "tags": [],
      "software_version": 2
    }
  ]
}